Workbook

Sheet Read me
A1: Item | B1: Meaning
A2: Status | B2: Research model, 2026-09-13. No new ESP32-C3 timing measurements.
A3: Historical observations | B3: September 1 recorded synthetic Nutroot receive; old proposal, omitted ECDH/output key generation, duplicate signing.
A4: Model | B4: T = baseline × [(1-f) + f × (1-r)/s]. f is affected field-kernel time share; r removes calls; s accelerates remaining calls.
A5: Assumptions | B5: Blue cells on Assumptions are editable. f is unknown until profiled. Default r=20% is an illustrative approximation, not an integrated firmware measurement.
A6: Sensitivity | B6: Nine independent scenarios, with their own explicit f and s, reference r and baseline from Assumptions. Results are conditional calculations.
A7: Operation counts | B7: 32-bit-limb host probe; excludes software inverse internals, additions, hashing, CPU/control and memory traffic.
A8: Stack frames | B8: Cross-compiler estimates for individual functions, not complete task high-water marks.
A9: Nutroot counts | B9: Four well-formed fixtures of the older local core. Experimental fast paths are not production patches.
A10: Units | B10: Time in seconds, memory in bytes, count columns are integer call counts.
A11: Scope | B11: See ../crypto-optimization-esp32c3.md, README.md, and provenance.json for analysis, reproduction and source fingerprints.

Sheet Historical observations
A1: Phase | B1: Recorded seconds | C1: Qualification
A2: Incoming BLS verification | B2: 1.886479 | C2: Historical synthetic fixture; see Read me
A3: Spend-info reconstruction | B3: 0.16618 | C3: Historical synthetic fixture; see Read me
A4: Signing and witness JSON (includes duplicate signing) | B4: 0.832368 | C4: Historical synthetic fixture; see Read me
A5: Output blinding | B5: 0.400463 | C5: Historical synthetic fixture; see Read me
A6: Output unblinding | B6: 0.404532 | C6: Historical synthetic fixture; see Read me
A7: Returned-proof BLS verification | B7: 1.886468 | C7: Historical synthetic fixture; see Read me
A8: Sum | B8: =SUM(B2:B7) | C8: Not a current-proposal end-to-end measurement
A9: BLS share | B9: =(B2+B7)/B8 | C9: Fraction of this historical sum
A10: Only BLS phases 2x faster | B10: =B8-(B2+B7)/2 | C10: Amdahl illustration; all other phases held fixed

Sheet Assumptions
A1: Parameter | B1: Value | C1: Meaning
A2: baseline_seconds | B2: ='Historical observations'!B2 | C2: Historical incoming verification only
A3: f_kernel_time_fraction | B3: 0.7 | C3: UNKNOWN. Illustrative affected-kernel share; must be measured.
A4: r_kernel_calls_removed | B4: 0.2 | C4: Illustrative fraction removed; not a wall-clock saving.
A5: s_kernel_speedup | B5: 1.5 | C5: HYPOTHETICAL speedup of each remaining affected-kernel call.
A6: selected_result_seconds | B6: =B2*((1-B3)+B3*(1-B4)/B5) | C6: Conditional result, not a hardware prediction.
A7: selected_overall_speedup | B7: =B2/B6 | C7: Baseline divided by selected result.
A8: count_accounting_example | B8: 0.19638139 | C8: Cold G2 checks + chunk change + forced MSM; separate probe components, not integrated firmware.

Sheet Sensitivity
A1: assumed_f | B1: assumed_s | C1: assumed_r | D1: baseline_seconds | E1: conditional_seconds | F1: overall_speedup | G1: time_reduction_fraction
A2: 0.5 | B2: 1 | C2: =Assumptions!$B$4 | D2: =Assumptions!$B$2 | E2: =D2*((1-A2)+A2*(1-C2)/B2) | F2: =D2/E2 | G2: =1-E2/D2
A3: 0.5 | B3: 1.5 | C3: =Assumptions!$B$4 | D3: =Assumptions!$B$2 | E3: =D3*((1-A3)+A3*(1-C3)/B3) | F3: =D3/E3 | G3: =1-E3/D3
A4: 0.5 | B4: 2 | C4: =Assumptions!$B$4 | D4: =Assumptions!$B$2 | E4: =D4*((1-A4)+A4*(1-C4)/B4) | F4: =D4/E4 | G4: =1-E4/D4
A5: 0.7 | B5: 1 | C5: =Assumptions!$B$4 | D5: =Assumptions!$B$2 | E5: =D5*((1-A5)+A5*(1-C5)/B5) | F5: =D5/E5 | G5: =1-E5/D5
A6: 0.7 | B6: 1.5 | C6: =Assumptions!$B$4 | D6: =Assumptions!$B$2 | E6: =D6*((1-A6)+A6*(1-C6)/B6) | F6: =D6/E6 | G6: =1-E6/D6
A7: 0.7 | B7: 2 | C7: =Assumptions!$B$4 | D7: =Assumptions!$B$2 | E7: =D7*((1-A7)+A7*(1-C7)/B7) | F7: =D7/E7 | G7: =1-E7/D7
A8: 0.85 | B8: 1 | C8: =Assumptions!$B$4 | D8: =Assumptions!$B$2 | E8: =D8*((1-A8)+A8*(1-C8)/B8) | F8: =D8/E8 | G8: =1-E8/D8
A9: 0.85 | B9: 1.5 | C9: =Assumptions!$B$4 | D9: =Assumptions!$B$2 | E9: =D9*((1-A9)+A9*(1-C9)/B9) | F9: =D9/E9 | G9: =1-E9/D9
A10: 0.85 | B10: 2 | C10: =Assumptions!$B$4 | D10: =Assumptions!$B$2 | E10: =D10*((1-A10)+A10*(1-C10)/B10) | F10: =D10/E10 | G10: =1-E10/D10

Sheet Field operation counts
A1: source_file | B1: operation | C1: fp_montgomery_calls
A2: operation-counts-chunk11.csv | B2: hash_to_g1 | C2: 1656
A3: operation-counts-chunk11.csv | B3: validate_g1 | C3: 1534
A4: operation-counts-chunk11.csv | B4: validate_g2 | C4: 2215
A5: operation-counts-chunk11.csv | B5: g1_scalar_mul | C5: 1979
A6: operation-counts-chunk11.csv | B6: to_affine_one | C6: 6
A7: operation-counts-chunk11.csv | B7: to_affine_batch10 | C7: 69
A8: operation-counts-chunk11.csv | B8: sum_C_sequential10 | C8: 19934
A9: operation-counts-chunk11.csv | B9: sum_C_msm_api10 | C9: 11344
A10: operation-counts-chunk11.csv | B10: miller_11pairs_chunk1 | C10: 76139
A11: operation-counts-chunk11.csv | B11: final_exp_valid_batch | C11: 7735
A12: operation-counts-chunk11.csv | B12: miller_11pairs_chunk4 | C12: 58155
A13: operation-counts-chunk11.csv | B13: final_exp_valid_batch | C13: 7735
... A81: operation-counts-force-pippenger.csv | B81: production_verify_distinct10 | C81: 159730

Sheet Stack frames
A1: source_file | B1: variant | C1: function | D1: frame_bytes | E1: gcc_classification
A2: stack-frames.csv | B2: server-baseline | C2: blst_miller_loop_n | D2: 10128 | E2: dynamic,bounded
A3: stack-frames.csv | B3: server-limit4 | C3: blst_miller_loop_n | D3: 3216 | E3: dynamic,bounded
A4: stack-frames.csv | B4: server-limit11 | C4: blst_miller_loop_n | D4: 7248 | E4: dynamic,bounded
A5: stack-frames.csv | B5: crypto_bls-baseline | C5: bls_verify_proofs.part.0 | D5: 3488 | E5: static
A6: stack-frames.csv | B6: crypto_bls-chunk8 | C6: bls_verify_proofs.part.0 | D6: 4672 | E6: static
A7: stack-frames.csv | B7: crypto_bls-chunk11 | C7: bls_verify_proofs.part.0 | D7: 5568 | E7: static

Sheet Nutroot call counts
A1: source_file | B1: case | C1: accepted | D1: schnorr_verifies
A2: nutroot-baseline.csv | B2: ordered8 | C2: 1 | D2: 92
A3: nutroot-baseline.csv | B3: reversed8 | C3: 1 | D3: 92
A4: nutroot-baseline.csv | B4: missing8th | C4: 0 | D4: 84
A5: nutroot-baseline.csv | B5: duplicate8th | C5: 0 | D5: 84
A6: nutroot-candidate_fastpath.csv | B6: ordered8 | C6: 1 | D6: 8
A7: nutroot-candidate_fastpath.csv | B7: reversed8 | C7: 1 | D7: 93
A8: nutroot-candidate_fastpath.csv | B8: missing8th | C8: 0 | D8: 84
A9: nutroot-candidate_fastpath.csv | B9: duplicate8th | C9: 0 | D9: 92
A10: nutroot-early_success.csv | B10: ordered8 | C10: 1 | D10: 36
A11: nutroot-early_success.csv | B11: reversed8 | C11: 1 | D11: 36
A12: nutroot-early_success.csv | B12: missing8th | C12: 0 | D12: 84
A13: nutroot-early_success.csv | B13: duplicate8th | C13: 0 | D13: 84

Sheet Sources
A1: Source | B1: Location / qualification
A2: Historical timings | B2: ../bench-nutroot-esp32c3.md
A3: Local source provenance | B3: provenance.json
A4: Interpretation and full citations | B4: ../crypto-optimization-esp32c3.md
A5: BLS proposal status | B5: https://github.com/cashubtc/nuts/pull/371
A6: Nutroot proposal status | B6: https://github.com/cashubtc/nuts/pull/421
